passengerId,passengerName,email,origin,destination,seatsRequested
P000001,Pham Van I,p1@example.com,SGN,DAD,5
P000002,Vu Thi F,p2@example.com,HAN,SGN,4
P000003,Pham Van C,p3@example.com,HAN,DAD,3
P000004,Le Van G,p4@example.com,HAN,SGN,3
P000005,Nguyen Thi D,p5@example.com,HAN,SGN,5
P000006,Pham Van G,p6@example.com,SGN,DAD,4
P000007,Tran Van A,p7@example.com,DAD,PQC,4
P000008,Dao Van A,p8@example.com,HAN,DAD,2
P000009,Vu Thi H,p9@example.com,SGN,DAD,3
P000010,Pham Thi D,p10@example.com,HAN,SGN,5
P000011,Vu Thi D,p11@example.com,DAD,PQC,3
P000012,Hoang Thi H,p12@example.com,DAD,PQC,1
P000013,Pham Thi D,p13@example.com,HAN,DAD,1
P000014,Dao Van A,p14@example.com,SGN,DAD,1
P000015,Ly Thi B,p15@example.com,HAN,DAD,4
P000016,Ly Van C,p16@example.com,HAN,DAD,2
P000017,Hoang Van I,p17@example.com,SGN,DAD,5
P000018,Ly Van A,p18@example.com,SGN,PQC,2
P000019,Ly Thi D,p19@example.com,HAN,DAD,4
P000020,Nguyen Thi F,p20@example.com,SGN,DAD,4
P000021,Hoang Thi D,p21@example.com,HAN,SGN,3
P000022,Pham Thi K,p22@example.com,HAN,DAD,5
P000023,Ly Thi H,p23@example.com,SGN,DAD,2
P000024,Vu Thi K,p24@example.com,SGN,PQC,4
P000025,Dao Van G,p25@example.com,SGN,PQC,4
P000026,Nguyen Van C,p26@example.com,HAN,SGN,5
P000027,Tran Thi K,p27@example.com,DAD,PQC,2
P000028,Le Van G,p28@example.com,HAN,DAD,5
P000029,Tran Thi B,p29@example.com,SGN,PQC,1
P000030,Vu Van G,p30@example.com,HAN,CXR,5
P000031,Ngo Van I,p31@example.com,HAN,SGN,4
P000032,Le Van C,p32@example.com,SGN,DAD,4
P000033,Le Van C,p33@example.com,HAN,DAD,3
P000034,Le Van C,p34@example.com,HAN,CXR,4
P000035,Le Thi H,p35@example.com,SGN,PQC,4
P000036,Bui Thi B,p36@example.com,DAD,PQC,4
P000037,Pham Van I,p37@example.com,SGN,DAD,4
P000038,Tran Van A,p38@example.com,HAN,DAD,1
P000039,Vu Thi B,p39@example.com,DAD,PQC,5
P000040,Tran Van C,p40@example.com,SGN,DAD,2
P000041,Dao Van A,p41@example.com,HAN,CXR,1
P000042,Nguyen Van A,p42@example.com,HAN,DAD,5
P000043,Tran Van E,p43@example.com,DAD,PQC,5
P000044,Ngo Van G,p44@example.com,SGN,PQC,2
P000045,Dao Thi K,p45@example.com,HAN,SGN,3
P000046,Ly Van A,p46@example.com,SGN,DAD,5
P000047,Vu Van G,p47@example.com,HAN,SGN,1
P000048,Tran Van I,p48@example.com,HAN,SGN,4
P000049,Ngo Van G,p49@example.com,SGN,DAD,5
P000050,Pham Thi D,p50@example.com,DAD,PQC,5
P000051,Ngo Van I,p51@example.com,SGN,PQC,4
P000052,Bui Van C,p52@example.com,DAD,PQC,2
P000053,Nguyen Van A,p53@example.com,HAN,CXR,4
P000054,Ngo Van E,p54@example.com,SGN,DAD,1
P000055,Tran Thi D,p55@example.com,DAD,PQC,4
P000056,Tran Thi B,p56@example.com,DAD,PQC,4
P000057,Pham Van G,p57@example.com,SGN,PQC,4
P000058,Bui Thi F,p58@example.com,HAN,CXR,3
P000059,Bui Van G,p59@example.com,HAN,CXR,5
P000060,Nguyen Thi D,p60@example.com,HAN,DAD,1
P000061,Dao Thi B,p61@example.com,HAN,SGN,1
P000062,Tran Thi B,p62@example.com,HAN,SGN,2
P000063,Vu Thi D,p63@example.com,HAN,SGN,1
P000064,Vu Thi D,p64@example.com,DAD,PQC,1
P000065,Ly Thi F,p65@example.com,DAD,PQC,2
P000066,Ly Van A,p66@example.com,SGN,DAD,2
P000067,Bui Thi F,p67@example.com,HAN,CXR,3
P000068,Dao Van E,p68@example.com,SGN,PQC,1
P000069,Tran Van A,p69@example.com,HAN,SGN,5
P000070,Dao Thi D,p70@example.com,HAN,SGN,3
P000071,Ly Van C,p71@example.com,HAN,DAD,3
P000072,Dao Thi K,p72@example.com,HAN,CXR,4
P000073,Nguyen Van A,p73@example.com,SGN,PQC,4
P000074,Le Thi H,p74@example.com,HAN,DAD,3
P000075,Vu Thi B,p75@example.com,SGN,PQC,4
P000076,Ly Van E,p76@example.com,DAD,PQC,2
P000077,Ly Thi D,p77@example.com,HAN,SGN,4
P000078,Le Thi F,p78@example.com,HAN,CXR,4
P000079,Hoang Thi D,p79@example.com,HAN,CXR,5
P000080,Pham Thi F,p80@example.com,HAN,DAD,1
P000081,Vu Van E,p81@example.com,SGN,PQC,5
P000082,Ngo Thi K,p82@example.com,SGN,DAD,2
P000083,Le Van I,p83@example.com,HAN,SGN,4
P000084,Bui Van G,p84@example.com,DAD,PQC,2
P000085,Pham Thi B,p85@example.com,HAN,DAD,2
P000086,Hoang Thi H,p86@example.com,SGN,PQC,2
P000087,Ngo Van C,p87@example.com,HAN,DAD,4
P000088,Ngo Van E,p88@example.com,SGN,PQC,3
P000089,Dao Van A,p89@example.com,SGN,PQC,5
P000090,Le Thi H,p90@example.com,HAN,CXR,3
P000091,Bui Van A,p91@example.com,DAD,PQC,3
P000092,Hoang Thi F,p92@example.com,HAN,CXR,2
P000093,Nguyen Thi F,p93@example.com,SGN,DAD,2
P000094,Tran Van C,p94@example.com,HAN,CXR,2
P000095,Hoang Thi F,p95@example.com,HAN,DAD,4
P000096,Le Van C,p96@example.com,HAN,SGN,1
P000097,Bui Van C,p97@example.com,HAN,SGN,1
P000098,Tran Van C,p98@example.com,DAD,PQC,1
P000099,Ly Thi F,p99@example.com,SGN,DAD,2
P000100,Dao Van C,p100@example.com,SGN,PQC,1
P000101,Bui Thi H,p101@example.com,HAN,DAD,4
P000102,Pham Van I,p102@example.com,HAN,CXR,2
P000103,Le Van A,p103@example.com,HAN,SGN,2
P000104,Ngo Van I,p104@example.com,HAN,DAD,5
P000105,Bui Thi D,p105@example.com,HAN,SGN,1
P000106,Ngo Thi D,p106@example.com,HAN,DAD,1
P000107,Vu Thi H,p107@example.com,SGN,DAD,4
P000108,Pham Van E,p108@example.com,HAN,SGN,5
P000109,Ngo Van G,p109@example.com,HAN,DAD,5
P000110,Tran Van E,p110@example.com,DAD,PQC,1
P000111,Ngo Thi B,p111@example.com,HAN,SGN,1
P000112,Ngo Van C,p112@example.com,HAN,SGN,2
P000113,Le Van A,p113@example.com,SGN,PQC,4
P000114,Ngo Thi H,p114@example.com,HAN,CXR,3
P000115,Tran Van I,p115@example.com,HAN,CXR,1
P000116,Bui Thi K,p116@example.com,SGN,PQC,5
P000117,Bui Thi D,p117@example.com,HAN,SGN,5
P000118,Dao Van E,p118@example.com,SGN,PQC,3
P000119,Dao Van G,p119@example.com,HAN,DAD,5
P000120,Vu Thi F,p120@example.com,HAN,SGN,2
P000121,Ngo Thi F,p121@example.com,DAD,PQC,4
P000122,Bui Van G,p122@example.com,HAN,SGN,5
P000123,Tran Van A,p123@example.com,HAN,SGN,3
P000124,Hoang Thi D,p124@example.com,HAN,CXR,2
P000125,Hoang Van G,p125@example.com,HAN,CXR,4
P000126,Dao Thi B,p126@example.com,DAD,PQC,4
P000127,Nguyen Van I,p127@example.com,SGN,DAD,1
P000128,Hoang Thi K,p128@example.com,SGN,DAD,4
P000129,Hoang Thi B,p129@example.com,HAN,CXR,3
P000130,Tran Van I,p130@example.com,HAN,DAD,1
P000131,Hoang Thi F,p131@example.com,HAN,SGN,2
P000132,Nguyen Thi H,p132@example.com,SGN,PQC,4
P000133,Le Van E,p133@example.com,HAN,SGN,5
P000134,Nguyen Van G,p134@example.com,HAN,CXR,1
P000135,Vu Thi D,p135@example.com,HAN,SGN,2
P000136,Tran Thi K,p136@example.com,HAN,CXR,5
P000137,Dao Van E,p137@example.com,SGN,DAD,3
P000138,Vu Van I,p138@example.com,SGN,DAD,1
P000139,Dao Van I,p139@example.com,SGN,PQC,3
P000140,Bui Thi B,p140@example.com,SGN,DAD,3
P000141,Ly Thi B,p141@example.com,HAN,SGN,4
P000142,Pham Van I,p142@example.com,HAN,DAD,3
P000143,Le Van E,p143@example.com,SGN,PQC,3
P000144,Ly Van E,p144@example.com,DAD,PQC,5
P000145,Le Thi D,p145@example.com,SGN,DAD,5
P000146,Nguyen Van A,p146@example.com,HAN,SGN,2
P000147,Hoang Van G,p147@example.com,SGN,DAD,4
P000148,Pham Thi H,p148@example.com,HAN,CXR,1
P000149,Pham Van C,p149@example.com,DAD,PQC,5
P000150,Pham Van C,p150@example.com,SGN,DAD,5
P000151,Ly Thi D,p151@example.com,HAN,CXR,4
P000152,Vu Thi F,p152@example.com,HAN,DAD,4
P000153,Le Van G,p153@example.com,SGN,DAD,5
P000154,Ly Thi D,p154@example.com,DAD,PQC,2
P000155,Ngo Thi D,p155@example.com,SGN,PQC,1
P000156,Ngo Van C,p156@example.com,HAN,DAD,3
P000157,Bui Thi D,p157@example.com,HAN,DAD,1
P000158,Bui Thi B,p158@example.com,DAD,PQC,4
P000159,Le Van I,p159@example.com,SGN,PQC,4
P000160,Tran Thi K,p160@example.com,HAN,CXR,4
P000161,Ly Van A,p161@example.com,SGN,DAD,4
P000162,Bui Thi D,p162@example.com,DAD,PQC,5
P000163,Ngo Van C,p163@example.com,HAN,SGN,1
P000164,Dao Van I,p164@example.com,SGN,DAD,3
P000165,Ly Thi B,p165@example.com,HAN,SGN,1
P000166,Dao Van A,p166@example.com,HAN,DAD,5
P000167,Bui Van A,p167@example.com,SGN,DAD,5
P000168,Nguyen Thi F,p168@example.com,HAN,DAD,2
P000169,Pham Thi B,p169@example.com,SGN,DAD,3
P000170,Ngo Thi D,p170@example.com,HAN,CXR,2
P000171,Tran Thi K,p171@example.com,HAN,CXR,5
P000172,Tran Van C,p172@example.com,HAN,CXR,1
P000173,Vu Van I,p173@example.com,HAN,DAD,2
P000174,Le Van E,p174@example.com,HAN,DAD,5
P000175,Ngo Thi D,p175@example.com,HAN,SGN,4
P000176,Bui Van C,p176@example.com,DAD,PQC,3
P000177,Ngo Thi B,p177@example.com,HAN,DAD,1
P000178,Dao Thi K,p178@example.com,HAN,SGN,4
P000179,Vu Thi H,p179@example.com,DAD,PQC,5
P000180,Nguyen Thi B,p180@example.com,SGN,PQC,2
P000181,Vu Van C,p181@example.com,DAD,PQC,5
P000182,Ngo Van I,p182@example.com,HAN,DAD,2
P000183,Hoang Van E,p183@example.com,SGN,DAD,1
P000184,Ngo Van A,p184@example.com,HAN,DAD,4
P000185,Pham Van I,p185@example.com,HAN,SGN,4
P000186,Hoang Van I,p186@example.com,DAD,PQC,1
P000187,Le Van I,p187@example.com,HAN,DAD,5
P000188,Ly Van G,p188@example.com,HAN,CXR,5
P000189,Dao Thi D,p189@example.com,HAN,CXR,2
P000190,Bui Thi K,p190@example.com,SGN,PQC,3
P000191,Ly Van C,p191@example.com,HAN,CXR,4
P000192,Nguyen Van E,p192@example.com,SGN,PQC,2
P000193,Nguyen Van E,p193@example.com,DAD,PQC,2
P000194,Vu Thi H,p194@example.com,HAN,CXR,3
P000195,Nguyen Thi H,p195@example.com,SGN,PQC,5
P000196,Dao Thi K,p196@example.com,SGN,PQC,2
P000197,Tran Thi K,p197@example.com,HAN,SGN,5
P000198,Ly Van I,p198@example.com,SGN,DAD,2
P000199,Le Thi D,p199@example.com,HAN,SGN,5
P000200,Le Van A,p200@example.com,DAD,PQC,2
P000201,Tran Thi K,p201@example.com,SGN,PQC,2
P000202,Nguyen Thi B,p202@example.com,HAN,DAD,3
P000203,Pham Van A,p203@example.com,HAN,SGN,2
P000204,Hoang Van G,p204@example.com,SGN,PQC,1
P000205,Vu Van G,p205@example.com,HAN,CXR,5
P000206,Pham Thi B,p206@example.com,DAD,PQC,4
P000207,Tran Thi F,p207@example.com,DAD,PQC,2
P000208,Tran Thi H,p208@example.com,HAN,CXR,4
P000209,Ly Thi K,p209@example.com,HAN,CXR,4
P000210,Nguyen Thi B,p210@example.com,HAN,DAD,2
P000211,Le Thi B,p211@example.com,HAN,SGN,1
P000212,Ngo Van A,p212@example.com,SGN,PQC,5
P000213,Le Van I,p213@example.com,HAN,CXR,1
P000214,Ngo Thi B,p214@example.com,HAN,CXR,1
P000215,Le Van E,p215@example.com,SGN,PQC,4
P000216,Tran Van G,p216@example.com,HAN,DAD,5
P000217,Nguyen Van A,p217@example.com,HAN,SGN,1
P000218,Bui Van A,p218@example.com,HAN,DAD,5
P000219,Dao Van E,p219@example.com,SGN,PQC,2
P000220,Bui Van G,p220@example.com,DAD,PQC,5
P000221,Ly Thi F,p221@example.com,SGN,PQC,3
P000222,Pham Van G,p222@example.com,SGN,DAD,1
P000223,Hoang Van C,p223@example.com,SGN,DAD,3
P000224,Pham Van C,p224@example.com,DAD,PQC,3
P000225,Ngo Van I,p225@example.com,HAN,SGN,2
P000226,Hoang Thi F,p226@example.com,HAN,DAD,3
P000227,Tran Thi F,p227@example.com,HAN,SGN,5
P000228,Tran Thi F,p228@example.com,DAD,PQC,2
P000229,Tran Van C,p229@example.com,DAD,PQC,1
P000230,Le Thi K,p230@example.com,HAN,SGN,4
P000231,Bui Thi B,p231@example.com,DAD,PQC,1
P000232,Nguyen Thi F,p232@example.com,HAN,CXR,2
P000233,Nguyen Van A,p233@example.com,HAN,SGN,5
P000234,Ngo Thi K,p234@example.com,SGN,DAD,4
P000235,Vu Van G,p235@example.com,SGN,PQC,2
P000236,Le Van A,p236@example.com,HAN,CXR,1
P000237,Ngo Thi F,p237@example.com,HAN,CXR,5
P000238,Ly Van A,p238@example.com,HAN,SGN,5
P000239,Pham Thi K,p239@example.com,HAN,DAD,3
P000240,Ngo Van I,p240@example.com,HAN,SGN,1
P000241,Hoang Van C,p241@example.com,DAD,PQC,4
P000242,Bui Thi F,p242@example.com,HAN,CXR,1
P000243,Nguyen Thi K,p243@example.com,HAN,SGN,1
P000244,Nguyen Thi K,p244@example.com,SGN,PQC,2
P000245,Dao Thi F,p245@example.com,HAN,DAD,3
P000246,Ngo Van C,p246@example.com,SGN,DAD,5
P000247,Hoang Van G,p247@example.com,HAN,CXR,5
P000248,Ngo Van A,p248@example.com,SGN,DAD,3
P000249,Le Thi F,p249@example.com,SGN,DAD,2
P000250,Le Van C,p250@example.com,SGN,PQC,4
P000251,Nguyen Van C,p251@example.com,SGN,DAD,4
P000252,Dao Van G,p252@example.com,HAN,SGN,4
P000253,Hoang Van I,p253@example.com,DAD,PQC,1
P000254,Hoang Van I,p254@example.com,HAN,DAD,3
P000255,Dao Van G,p255@example.com,HAN,SGN,5
P000256,Vu Van C,p256@example.com,SGN,DAD,2
P000257,Tran Thi H,p257@example.com,HAN,CXR,5
P000258,Le Thi K,p258@example.com,HAN,DAD,3
P000259,Dao Van G,p259@example.com,HAN,CXR,2
P000260,Nguyen Van G,p260@example.com,HAN,SGN,3
P000261,Le Van I,p261@example.com,HAN,SGN,2
P000262,Tran Thi K,p262@example.com,SGN,DAD,1
P000263,Le Van C,p263@example.com,SGN,PQC,5
P000264,Hoang Thi F,p264@example.com,HAN,DAD,1
P000265,Pham Thi F,p265@example.com,SGN,DAD,4
P000266,Pham Van E,p266@example.com,HAN,CXR,4
P000267,Nguyen Thi F,p267@example.com,SGN,DAD,1
P000268,Bui Van C,p268@example.com,DAD,PQC,1
P000269,Le Van A,p269@example.com,HAN,SGN,5
P000270,Bui Van E,p270@example.com,DAD,PQC,2
P000271,Ly Thi D,p271@example.com,HAN,SGN,1
P000272,Vu Van C,p272@example.com,HAN,CXR,5
P000273,Le Thi H,p273@example.com,HAN,DAD,5
P000274,Nguyen Van I,p274@example.com,HAN,CXR,3
P000275,Ngo Van E,p275@example.com,SGN,DAD,3
P000276,Tran Thi K,p276@example.com,HAN,CXR,3
P000277,Le Van A,p277@example.com,SGN,DAD,5
P000278,Ly Van C,p278@example.com,HAN,DAD,4
P000279,Pham Thi K,p279@example.com,SGN,DAD,2
P000280,Nguyen Van I,p280@example.com,SGN,PQC,3
P000281,Ly Van I,p281@example.com,DAD,PQC,2
P000282,Ngo Thi F,p282@example.com,HAN,SGN,5
P000283,Ly Thi K,p283@example.com,DAD,PQC,3
P000284,Pham Thi F,p284@example.com,HAN,CXR,2
P000285,Dao Van G,p285@example.com,HAN,CXR,2
P000286,Dao Van G,p286@example.com,HAN,CXR,1
P000287,Nguyen Thi K,p287@example.com,DAD,PQC,3
P000288,Hoang Van G,p288@example.com,SGN,PQC,1
P000289,Pham Thi H,p289@example.com,SGN,DAD,5
P000290,Ly Van E,p290@example.com,HAN,DAD,3
P000291,Ly Van I,p291@example.com,SGN,PQC,5
P000292,Nguyen Thi F,p292@example.com,SGN,PQC,4
P000293,Ly Van I,p293@example.com,SGN,PQC,3
P000294,Ly Thi B,p294@example.com,DAD,PQC,3
P000295,Nguyen Thi D,p295@example.com,SGN,PQC,5
P000296,Nguyen Thi H,p296@example.com,HAN,CXR,3
P000297,Vu Van I,p297@example.com,HAN,SGN,4
P000298,Nguyen Thi D,p298@example.com,SGN,DAD,5
P000299,Dao Van A,p299@example.com,SGN,PQC,4
P000300,Ngo Van I,p300@example.com,SGN,PQC,3
P000301,Tran Thi F,p301@example.com,SGN,PQC,3
P000302,Pham Van G,p302@example.com,HAN,DAD,2
P000303,Vu Van C,p303@example.com,SGN,PQC,4
P000304,Bui Van E,p304@example.com,SGN,PQC,2
P000305,Ngo Van E,p305@example.com,DAD,PQC,3
P000306,Hoang Thi K,p306@example.com,HAN,DAD,3
P000307,Vu Thi D,p307@example.com,SGN,PQC,3
P000308,Dao Thi K,p308@example.com,HAN,DAD,5
P000309,Nguyen Van A,p309@example.com,SGN,DAD,1
P000310,Nguyen Van I,p310@example.com,SGN,DAD,4
P000311,Ngo Van C,p311@example.com,SGN,DAD,3
P000312,Hoang Van C,p312@example.com,DAD,PQC,3
P000313,Tran Van E,p313@example.com,DAD,PQC,5
P000314,Bui Thi K,p314@example.com,HAN,SGN,4
P000315,Vu Van G,p315@example.com,HAN,DAD,3
P000316,Ly Van C,p316@example.com,HAN,SGN,2
P000317,Bui Thi B,p317@example.com,HAN,DAD,2
P000318,Pham Van C,p318@example.com,SGN,DAD,3
P000319,Dao Van E,p319@example.com,HAN,SGN,1
P000320,Pham Van I,p320@example.com,SGN,DAD,3
P000321,Bui Van C,p321@example.com,HAN,CXR,4
P000322,Ngo Van A,p322@example.com,HAN,SGN,2
P000323,Bui Van A,p323@example.com,HAN,SGN,1
P000324,Dao Thi B,p324@example.com,SGN,DAD,1
P000325,Bui Van I,p325@example.com,HAN,CXR,3
P000326,Pham Van E,p326@example.com,HAN,SGN,1
P000327,Nguyen Van E,p327@example.com,DAD,PQC,3
P000328,Pham Thi H,p328@example.com,HAN,SGN,4
P000329,Vu Van E,p329@example.com,HAN,DAD,1
P000330,Nguyen Van A,p330@example.com,DAD,PQC,5
P000331,Bui Thi H,p331@example.com,DAD,PQC,4
P000332,Tran Thi K,p332@example.com,SGN,DAD,4
P000333,Hoang Thi D,p333@example.com,HAN,SGN,4
P000334,Hoang Thi D,p334@example.com,HAN,DAD,1
P000335,Nguyen Van E,p335@example.com,DAD,PQC,1
P000336,Vu Thi H,p336@example.com,SGN,DAD,5
P000337,Pham Thi K,p337@example.com,HAN,CXR,5
P000338,Vu Thi F,p338@example.com,HAN,CXR,1
P000339,Ngo Thi F,p339@example.com,SGN,DAD,1
P000340,Tran Thi D,p340@example.com,SGN,PQC,5
P000341,Pham Van A,p341@example.com,HAN,SGN,1
P000342,Le Thi B,p342@example.com,SGN,PQC,1
P000343,Ngo Van E,p343@example.com,SGN,PQC,1
P000344,Tran Thi B,p344@example.com,SGN,PQC,3
P000345,Tran Van G,p345@example.com,DAD,PQC,3
P000346,Ngo Van C,p346@example.com,HAN,CXR,2
P000347,Vu Van E,p347@example.com,SGN,PQC,5
P000348,Pham Van C,p348@example.com,SGN,PQC,4
P000349,Ly Van I,p349@example.com,DAD,PQC,1
P000350,Nguyen Thi K,p350@example.com,DAD,PQC,1
P000351,Le Van G,p351@example.com,HAN,CXR,1
P000352,Nguyen Thi H,p352@example.com,DAD,PQC,4
P000353,Ly Thi K,p353@example.com,DAD,PQC,5
P000354,Nguyen Van G,p354@example.com,HAN,DAD,5
P000355,Ngo Van G,p355@example.com,SGN,PQC,2
P000356,Bui Thi F,p356@example.com,SGN,DAD,1
P000357,Pham Van I,p357@example.com,HAN,SGN,1
P000358,Dao Thi B,p358@example.com,HAN,DAD,2
P000359,Vu Van I,p359@example.com,SGN,DAD,3
P000360,Bui Van A,p360@example.com,DAD,PQC,3
P000361,Bui Van E,p361@example.com,HAN,CXR,1
P000362,Nguyen Thi F,p362@example.com,HAN,CXR,1
P000363,Nguyen Thi K,p363@example.com,SGN,DAD,4
P000364,Nguyen Thi H,p364@example.com,SGN,PQC,2
P000365,Pham Van G,p365@example.com,HAN,CXR,5
P000366,Hoang Van I,p366@example.com,HAN,CXR,4
P000367,Ngo Van A,p367@example.com,SGN,PQC,3
P000368,Ngo Van C,p368@example.com,HAN,DAD,3
P000369,Ngo Thi K,p369@example.com,HAN,CXR,1
P000370,Bui Thi H,p370@example.com,DAD,PQC,3
P000371,Ngo Thi H,p371@example.com,SGN,DAD,5
P000372,Bui Thi K,p372@example.com,HAN,DAD,1
P000373,Tran Thi H,p373@example.com,SGN,PQC,2
P000374,Hoang Van I,p374@example.com,DAD,PQC,4
P000375,Le Van I,p375@example.com,HAN,CXR,3
P000376,Le Van A,p376@example.com,HAN,SGN,3
P000377,Dao Thi H,p377@example.com,SGN,DAD,3
P000378,Ly Thi K,p378@example.com,HAN,DAD,4
P000379,Bui Van C,p379@example.com,SGN,DAD,5
P000380,Dao Thi H,p380@example.com,SGN,DAD,2
P000381,Tran Van I,p381@example.com,DAD,PQC,4
P000382,Vu Thi D,p382@example.com,HAN,CXR,4
P000383,Pham Van G,p383@example.com,DAD,PQC,4
P000384,Le Thi H,p384@example.com,HAN,DAD,3
P000385,Pham Van G,p385@example.com,HAN,DAD,1
P000386,Hoang Van I,p386@example.com,HAN,CXR,2
P000387,Ly Van G,p387@example.com,SGN,PQC,1
P000388,Hoang Thi F,p388@example.com,DAD,PQC,4
P000389,Le Thi D,p389@example.com,SGN,DAD,5
P000390,Dao Van I,p390@example.com,HAN,CXR,4
P000391,Tran Van I,p391@example.com,SGN,DAD,1
P000392,Ngo Van G,p392@example.com,SGN,DAD,1
P000393,Le Thi B,p393@example.com,HAN,SGN,1
P000394,Vu Thi D,p394@example.com,HAN,DAD,4
P000395,Ngo Van A,p395@example.com,DAD,PQC,2
P000396,Hoang Van I,p396@example.com,HAN,CXR,5
P000397,Dao Thi B,p397@example.com,SGN,DAD,5
P000398,Nguyen Thi K,p398@example.com,HAN,DAD,3
P000399,Hoang Thi B,p399@example.com,HAN,CXR,1
P000400,Pham Van A,p400@example.com,HAN,SGN,1
P000401,Ly Van I,p401@example.com,HAN,SGN,1
P000402,Bui Van I,p402@example.com,SGN,PQC,1
P000403,Dao Van E,p403@example.com,HAN,CXR,2
P000404,Nguyen Van C,p404@example.com,SGN,DAD,4
P000405,Vu Van A,p405@example.com,HAN,DAD,1
P000406,Tran Van G,p406@example.com,SGN,PQC,4
P000407,Le Thi H,p407@example.com,HAN,CXR,3
P000408,Ngo Van I,p408@example.com,SGN,PQC,2
P000409,Tran Van I,p409@example.com,DAD,PQC,3
P000410,Ly Van G,p410@example.com,HAN,CXR,3
P000411,Nguyen Thi K,p411@example.com,HAN,DAD,3
P000412,Bui Van G,p412@example.com,HAN,SGN,4
P000413,Ngo Van C,p413@example.com,HAN,DAD,5
P000414,Dao Thi H,p414@example.com,HAN,CXR,5
P000415,Le Thi K,p415@example.com,HAN,SGN,4
P000416,Bui Thi D,p416@example.com,DAD,PQC,5
P000417,Le Thi D,p417@example.com,HAN,DAD,2
P000418,Bui Thi D,p418@example.com,HAN,DAD,3
P000419,Tran Thi F,p419@example.com,SGN,PQC,1
P000420,Le Van G,p420@example.com,HAN,CXR,2
P000421,Ly Thi B,p421@example.com,DAD,PQC,3
P000422,Hoang Van I,p422@example.com,HAN,CXR,2
P000423,Bui Thi D,p423@example.com,HAN,CXR,2
P000424,Ly Van I,p424@example.com,SGN,PQC,5
P000425,Dao Thi K,p425@example.com,HAN,CXR,5
P000426,Nguyen Van G,p426@example.com,SGN,DAD,1
P000427,Ngo Thi D,p427@example.com,DAD,PQC,1
P000428,Vu Thi D,p428@example.com,SGN,DAD,4
P000429,Nguyen Thi F,p429@example.com,SGN,PQC,1
P000430,Ngo Van G,p430@example.com,SGN,PQC,2
P000431,Nguyen Van G,p431@example.com,HAN,DAD,5
P000432,Bui Van I,p432@example.com,HAN,SGN,3
P000433,Dao Van C,p433@example.com,SGN,DAD,1
P000434,Vu Thi K,p434@example.com,SGN,PQC,5
P000435,Pham Thi B,p435@example.com,HAN,CXR,2
P000436,Bui Thi F,p436@example.com,SGN,PQC,1
P000437,Ly Van E,p437@example.com,SGN,PQC,2
P000438,Le Thi D,p438@example.com,HAN,CXR,5
P000439,Pham Van E,p439@example.com,HAN,CXR,5
P000440,Pham Van I,p440@example.com,DAD,PQC,3
P000441,Nguyen Van I,p441@example.com,HAN,SGN,2
P000442,Hoang Thi F,p442@example.com,SGN,PQC,3
P000443,Tran Thi B,p443@example.com,DAD,PQC,4
P000444,Ly Thi D,p444@example.com,HAN,CXR,2
P000445,Ly Van C,p445@example.com,SGN,DAD,3
P000446,Ngo Thi F,p446@example.com,SGN,DAD,3
P000447,Hoang Van E,p447@example.com,HAN,DAD,5
P000448,Ngo Thi H,p448@example.com,HAN,SGN,1
P000449,Ngo Thi K,p449@example.com,SGN,DAD,5
P000450,Le Thi K,p450@example.com,DAD,PQC,3
P000451,Vu Van A,p451@example.com,HAN,SGN,4
P000452,Ngo Van E,p452@example.com,DAD,PQC,2
P000453,Tran Thi K,p453@example.com,DAD,PQC,3
P000454,Le Thi F,p454@example.com,SGN,DAD,2
P000455,Tran Thi D,p455@example.com,HAN,CXR,5
P000456,Vu Thi K,p456@example.com,DAD,PQC,5
P000457,Nguyen Thi B,p457@example.com,SGN,DAD,2
P000458,Nguyen Van G,p458@example.com,SGN,DAD,4
P000459,Ly Van G,p459@example.com,SGN,PQC,5
P000460,Bui Thi K,p460@example.com,SGN,PQC,2
P000461,Le Thi H,p461@example.com,SGN,DAD,4
P000462,Dao Van E,p462@example.com,HAN,CXR,2
P000463,Pham Thi F,p463@example.com,HAN,CXR,1
P000464,Ly Thi B,p464@example.com,HAN,DAD,5
P000465,Hoang Van I,p465@example.com,SGN,PQC,2
P000466,Ly Thi F,p466@example.com,HAN,SGN,1
P000467,Ly Van A,p467@example.com,HAN,CXR,5
P000468,Nguyen Thi K,p468@example.com,HAN,SGN,3
P000469,Le Van I,p469@example.com,HAN,DAD,5
P000470,Pham Thi F,p470@example.com,HAN,SGN,1
P000471,Vu Van E,p471@example.com,HAN,DAD,3
P000472,Ly Thi D,p472@example.com,SGN,PQC,1
P000473,Bui Van I,p473@example.com,HAN,CXR,1
P000474,Vu Thi F,p474@example.com,DAD,PQC,3
P000475,Tran Van E,p475@example.com,SGN,PQC,4
P000476,Bui Thi D,p476@example.com,SGN,PQC,2
P000477,Nguyen Van A,p477@example.com,HAN,CXR,3
P000478,Dao Van G,p478@example.com,HAN,CXR,3
P000479,Nguyen Van G,p479@example.com,DAD,PQC,1
P000480,Ly Van G,p480@example.com,HAN,CXR,3
P000481,Hoang Thi H,p481@example.com,SGN,PQC,1
P000482,Ly Thi D,p482@example.com,SGN,DAD,5
P000483,Ly Van G,p483@example.com,HAN,SGN,1
P000484,Pham Van A,p484@example.com,HAN,DAD,3
P000485,Bui Thi H,p485@example.com,HAN,CXR,2
P000486,Tran Van G,p486@example.com,SGN,PQC,2
P000487,Ngo Thi F,p487@example.com,SGN,PQC,5
P000488,Pham Van C,p488@example.com,SGN,DAD,5
P000489,Hoang Thi F,p489@example.com,HAN,CXR,1
P000490,Nguyen Van E,p490@example.com,HAN,CXR,1
P000491,Ngo Van A,p491@example.com,HAN,DAD,4
P000492,Bui Thi H,p492@example.com,SGN,DAD,3
P000493,Vu Thi D,p493@example.com,HAN,SGN,5
P000494,Bui Van G,p494@example.com,SGN,DAD,2
P000495,Bui Thi F,p495@example.com,SGN,DAD,5
P000496,Nguyen Van I,p496@example.com,HAN,DAD,4
P000497,Bui Thi D,p497@example.com,HAN,CXR,4
P000498,Hoang Thi F,p498@example.com,SGN,DAD,2
P000499,Hoang Van C,p499@example.com,SGN,PQC,1
P000500,Le Thi H,p500@example.com,HAN,DAD,4
P000501,Ngo Van G,p501@example.com,SGN,DAD,3
P000502,Dao Thi B,p502@example.com,SGN,DAD,5
P000503,Tran Van I,p503@example.com,HAN,CXR,1
P000504,Bui Thi H,p504@example.com,SGN,DAD,5
P000505,Ly Thi H,p505@example.com,SGN,PQC,1
P000506,Hoang Thi D,p506@example.com,HAN,CXR,5
P000507,Ngo Thi K,p507@example.com,HAN,CXR,4
P000508,Nguyen Thi H,p508@example.com,HAN,CXR,3
P000509,Bui Thi K,p509@example.com,SGN,DAD,5
P000510,Ly Thi H,p510@example.com,HAN,CXR,1
P000511,Tran Thi H,p511@example.com,DAD,PQC,5
P000512,Tran Van I,p512@example.com,HAN,DAD,3
P000513,Hoang Van I,p513@example.com,HAN,DAD,1
P000514,Vu Thi K,p514@example.com,HAN,SGN,2
P000515,Ngo Thi F,p515@example.com,HAN,SGN,4
P000516,Dao Van I,p516@example.com,HAN,DAD,3
P000517,Vu Van A,p517@example.com,SGN,PQC,5
P000518,Vu Van I,p518@example.com,HAN,CXR,2
P000519,Vu Thi D,p519@example.com,DAD,PQC,2
P000520,Vu Thi K,p520@example.com,SGN,PQC,2
P000521,Ngo Van C,p521@example.com,SGN,PQC,1
P000522,Ly Thi K,p522@example.com,HAN,DAD,1
P000523,Ngo Thi F,p523@example.com,SGN,DAD,1
P000524,Tran Van E,p524@example.com,SGN,DAD,4
P000525,Tran Van G,p525@example.com,SGN,PQC,1
P000526,Pham Thi H,p526@example.com,SGN,DAD,4
P000527,Ly Van A,p527@example.com,DAD,PQC,2
P000528,Tran Van E,p528@example.com,HAN,DAD,2
P000529,Bui Van G,p529@example.com,SGN,DAD,4
P000530,Ly Van A,p530@example.com,HAN,CXR,1
P000531,Pham Thi H,p531@example.com,HAN,DAD,4
P000532,Ly Van C,p532@example.com,SGN,PQC,4
P000533,Hoang Van I,p533@example.com,HAN,SGN,1
P000534,Le Thi D,p534@example.com,HAN,SGN,1
P000535,Hoang Thi K,p535@example.com,HAN,CXR,4
P000536,Pham Van E,p536@example.com,DAD,PQC,4
P000537,Pham Van A,p537@example.com,HAN,SGN,4
P000538,Ngo Van I,p538@example.com,HAN,DAD,2
P000539,Bui Thi H,p539@example.com,SGN,PQC,2
P000540,Pham Van I,p540@example.com,HAN,CXR,4
P000541,Tran Van G,p541@example.com,SGN,DAD,5
P000542,Le Thi D,p542@example.com,DAD,PQC,1
P000543,Dao Thi B,p543@example.com,HAN,SGN,5
P000544,Hoang Van I,p544@example.com,HAN,CXR,4
P000545,Ly Van E,p545@example.com,DAD,PQC,4
P000546,Ngo Van G,p546@example.com,SGN,DAD,4
P000547,Nguyen Van A,p547@example.com,HAN,CXR,4
P000548,Nguyen Thi K,p548@example.com,HAN,CXR,1
P000549,Pham Thi F,p549@example.com,SGN,PQC,2
P000550,Ly Van I,p550@example.com,HAN,SGN,2
P000551,Pham Van C,p551@example.com,SGN,PQC,4
P000552,Ngo Van E,p552@example.com,HAN,CXR,1
P000553,Tran Van C,p553@example.com,SGN,DAD,5
P000554,Hoang Van E,p554@example.com,HAN,CXR,3
P000555,Le Van G,p555@example.com,HAN,CXR,4
P000556,Bui Thi D,p556@example.com,HAN,CXR,5
P000557,Dao Van G,p557@example.com,HAN,DAD,4
P000558,Ngo Thi B,p558@example.com,HAN,CXR,3
P000559,Hoang Thi D,p559@example.com,HAN,SGN,3
P000560,Vu Van G,p560@example.com,HAN,SGN,1
P000561,Vu Thi B,p561@example.com,SGN,PQC,4
P000562,Pham Thi H,p562@example.com,SGN,DAD,3
P000563,Le Van A,p563@example.com,SGN,DAD,1
P000564,Nguyen Thi B,p564@example.com,HAN,SGN,5
P000565,Hoang Thi D,p565@example.com,HAN,SGN,5
P000566,Hoang Thi F,p566@example.com,SGN,PQC,4
P000567,Ly Van E,p567@example.com,SGN,DAD,5
P000568,Tran Thi B,p568@example.com,HAN,DAD,3
P000569,Dao Van C,p569@example.com,DAD,PQC,5
P000570,Tran Van A,p570@example.com,SGN,DAD,5
P000571,Le Thi B,p571@example.com,DAD,PQC,1
P000572,Dao Van A,p572@example.com,HAN,CXR,5
P000573,Hoang Van C,p573@example.com,HAN,SGN,4
P000574,Le Van G,p574@example.com,DAD,PQC,1
P000575,Nguyen Thi D,p575@example.com,HAN,DAD,1
P000576,Tran Van G,p576@example.com,SGN,PQC,5
P000577,Le Thi H,p577@example.com,SGN,PQC,1
P000578,Tran Van E,p578@example.com,SGN,PQC,1
P000579,Nguyen Thi D,p579@example.com,DAD,PQC,4
P000580,Ngo Thi H,p580@example.com,HAN,CXR,3
P000581,Hoang Thi F,p581@example.com,SGN,PQC,1
P000582,Vu Van C,p582@example.com,HAN,DAD,3
P000583,Hoang Van I,p583@example.com,DAD,PQC,5
P000584,Le Van I,p584@example.com,SGN,DAD,2
P000585,Tran Van C,p585@example.com,SGN,DAD,4
P000586,Hoang Thi F,p586@example.com,SGN,DAD,4
P000587,Pham Thi H,p587@example.com,HAN,CXR,3
P000588,Ngo Thi H,p588@example.com,HAN,CXR,1
P000589,Ly Van E,p589@example.com,SGN,PQC,4
P000590,Bui Van I,p590@example.com,HAN,CXR,4
P000591,Ly Thi B,p591@example.com,HAN,SGN,5
P000592,Pham Thi F,p592@example.com,DAD,PQC,1
P000593,Nguyen Van A,p593@example.com,SGN,PQC,1
P000594,Nguyen Thi K,p594@example.com,DAD,PQC,2
P000595,Ly Van A,p595@example.com,HAN,DAD,3
P000596,Vu Thi F,p596@example.com,HAN,SGN,3
P000597,Bui Thi F,p597@example.com,SGN,DAD,3
P000598,Pham Van C,p598@example.com,DAD,PQC,5
P000599,Vu Van G,p599@example.com,SGN,PQC,1
P000600,Hoang Van I,p600@example.com,DAD,PQC,4
P000601,Tran Van I,p601@example.com,SGN,PQC,2
P000602,Dao Thi F,p602@example.com,HAN,SGN,4
P000603,Ngo Van C,p603@example.com,HAN,SGN,1
P000604,Ly Van E,p604@example.com,SGN,PQC,1
P000605,Nguyen Van C,p605@example.com,HAN,DAD,1
P000606,Le Thi B,p606@example.com,SGN,DAD,4
P000607,Hoang Thi H,p607@example.com,DAD,PQC,3
P000608,Hoang Thi B,p608@example.com,SGN,DAD,3
P000609,Ngo Van E,p609@example.com,DAD,PQC,4
P000610,Ly Van G,p610@example.com,HAN,CXR,3
P000611,Bui Thi H,p611@example.com,DAD,PQC,3
P000612,Pham Thi H,p612@example.com,SGN,DAD,2
P000613,Pham Van E,p613@example.com,SGN,DAD,2
P000614,Dao Thi H,p614@example.com,HAN,DAD,5
P000615,Hoang Van G,p615@example.com,HAN,CXR,2
P000616,Ngo Thi H,p616@example.com,HAN,DAD,1
P000617,Ngo Van I,p617@example.com,HAN,CXR,1
P000618,Ngo Van E,p618@example.com,HAN,SGN,3
P000619,Hoang Thi D,p619@example.com,SGN,DAD,1
P000620,Dao Thi B,p620@example.com,DAD,PQC,4
P000621,Le Van C,p621@example.com,SGN,PQC,2
P000622,Dao Thi F,p622@example.com,DAD,PQC,2
P000623,Ngo Thi D,p623@example.com,HAN,CXR,2
P000624,Dao Van G,p624@example.com,SGN,DAD,5
P000625,Bui Van E,p625@example.com,DAD,PQC,5
P000626,Tran Thi B,p626@example.com,HAN,SGN,3
P000627,Vu Van E,p627@example.com,SGN,PQC,1
P000628,Nguyen Thi F,p628@example.com,HAN,SGN,3
P000629,Tran Van C,p629@example.com,DAD,PQC,5
P000630,Pham Thi F,p630@example.com,SGN,PQC,5
P000631,Ly Van C,p631@example.com,SGN,DAD,1
P000632,Vu Thi K,p632@example.com,HAN,SGN,2
P000633,Vu Thi H,p633@example.com,SGN,DAD,5
P000634,Tran Van A,p634@example.com,HAN,DAD,4
P000635,Pham Thi B,p635@example.com,HAN,CXR,2
P000636,Bui Van E,p636@example.com,HAN,DAD,3
P000637,Hoang Thi B,p637@example.com,DAD,PQC,4
P000638,Vu Van G,p638@example.com,HAN,DAD,4
P000639,Bui Thi H,p639@example.com,SGN,DAD,1
P000640,Le Thi D,p640@example.com,HAN,CXR,5
P000641,Tran Thi F,p641@example.com,SGN,DAD,5
P000642,Tran Van I,p642@example.com,HAN,CXR,4
P000643,Le Thi H,p643@example.com,HAN,SGN,3
P000644,Le Thi B,p644@example.com,SGN,DAD,5
P000645,Ly Thi D,p645@example.com,DAD,PQC,1
P000646,Vu Thi D,p646@example.com,DAD,PQC,5
P000647,Dao Van G,p647@example.com,SGN,DAD,3
P000648,Bui Thi K,p648@example.com,HAN,SGN,5
P000649,Vu Thi D,p649@example.com,SGN,PQC,2
P000650,Bui Van C,p650@example.com,DAD,PQC,1
P000651,Dao Van G,p651@example.com,HAN,DAD,5
P000652,Pham Thi K,p652@example.com,SGN,PQC,4
P000653,Vu Thi D,p653@example.com,SGN,PQC,3
P000654,Hoang Thi K,p654@example.com,HAN,CXR,5
P000655,Le Thi F,p655@example.com,SGN,DAD,3
P000656,Vu Van A,p656@example.com,DAD,PQC,3
P000657,Tran Thi D,p657@example.com,SGN,PQC,2
P000658,Ngo Van I,p658@example.com,SGN,DAD,2
P000659,Pham Thi B,p659@example.com,SGN,PQC,5
P000660,Hoang Van C,p660@example.com,HAN,DAD,3
P000661,Pham Thi D,p661@example.com,SGN,DAD,5
P000662,Ngo Thi K,p662@example.com,DAD,PQC,2
P000663,Ngo Thi B,p663@example.com,HAN,CXR,2
P000664,Ly Thi K,p664@example.com,HAN,DAD,4
P000665,Ly Van A,p665@example.com,SGN,PQC,5
P000666,Ly Thi B,p666@example.com,HAN,CXR,3
P000667,Le Thi H,p667@example.com,SGN,DAD,3
P000668,Ngo Thi B,p668@example.com,SGN,DAD,2
P000669,Bui Van C,p669@example.com,SGN,DAD,2
P000670,Le Van A,p670@example.com,HAN,DAD,2
P000671,Nguyen Van A,p671@example.com,SGN,DAD,2
P000672,Ly Thi H,p672@example.com,SGN,DAD,1
P000673,Ngo Van I,p673@example.com,HAN,CXR,3
P000674,Le Thi H,p674@example.com,HAN,SGN,1
P000675,Vu Van G,p675@example.com,HAN,DAD,3
P000676,Le Thi K,p676@example.com,HAN,DAD,3
P000677,Tran Van A,p677@example.com,DAD,PQC,1
P000678,Pham Thi H,p678@example.com,SGN,DAD,3
P000679,Nguyen Thi K,p679@example.com,HAN,CXR,2
P000680,Nguyen Thi H,p680@example.com,HAN,DAD,4
P000681,Le Thi B,p681@example.com,HAN,CXR,5
P000682,Dao Thi H,p682@example.com,HAN,SGN,3
P000683,Nguyen Thi H,p683@example.com,HAN,DAD,1
P000684,Hoang Thi B,p684@example.com,DAD,PQC,4
P000685,Ly Thi K,p685@example.com,SGN,DAD,3
P000686,Pham Thi H,p686@example.com,HAN,CXR,5
P000687,Pham Van A,p687@example.com,HAN,CXR,5
P000688,Bui Van I,p688@example.com,DAD,PQC,4
P000689,Pham Thi H,p689@example.com,HAN,DAD,5
P000690,Dao Thi B,p690@example.com,SGN,PQC,5
P000691,Hoang Van C,p691@example.com,HAN,SGN,5
P000692,Ly Thi F,p692@example.com,SGN,DAD,4
P000693,Bui Thi H,p693@example.com,HAN,SGN,5
P000694,Vu Thi H,p694@example.com,HAN,SGN,1
P000695,Pham Van G,p695@example.com,SGN,DAD,4
P000696,Pham Thi H,p696@example.com,SGN,PQC,5
P000697,Le Van G,p697@example.com,HAN,CXR,4
P000698,Hoang Van C,p698@example.com,SGN,PQC,4
P000699,Ly Thi B,p699@example.com,DAD,PQC,4
P000700,Le Van G,p700@example.com,DAD,PQC,3
P000701,Dao Van C,p701@example.com,HAN,DAD,2
P000702,Nguyen Thi D,p702@example.com,SGN,PQC,5
P000703,Le Thi K,p703@example.com,HAN,SGN,3
P000704,Dao Thi K,p704@example.com,DAD,PQC,2
P000705,Vu Van E,p705@example.com,SGN,PQC,2
P000706,Bui Thi F,p706@example.com,HAN,SGN,5
P000707,Pham Van I,p707@example.com,SGN,DAD,3
P000708,Ly Van A,p708@example.com,HAN,CXR,3
P000709,Nguyen Van E,p709@example.com,DAD,PQC,2
P000710,Hoang Thi F,p710@example.com,DAD,PQC,5
P000711,Le Thi D,p711@example.com,SGN,DAD,2
P000712,Tran Van C,p712@example.com,DAD,PQC,1
P000713,Nguyen Thi B,p713@example.com,HAN,SGN,5
P000714,Hoang Thi H,p714@example.com,SGN,DAD,4
P000715,Ly Thi B,p715@example.com,HAN,DAD,3
P000716,Bui Van E,p716@example.com,HAN,SGN,2
P000717,Pham Thi H,p717@example.com,HAN,DAD,3
P000718,Nguyen Van A,p718@example.com,SGN,DAD,4
P000719,Dao Van G,p719@example.com,DAD,PQC,1
P000720,Tran Thi F,p720@example.com,SGN,DAD,1
P000721,Hoang Thi K,p721@example.com,SGN,DAD,1
P000722,Hoang Thi H,p722@example.com,HAN,DAD,1
P000723,Tran Van G,p723@example.com,DAD,PQC,2
P000724,Tran Thi H,p724@example.com,SGN,DAD,4
P000725,Nguyen Thi H,p725@example.com,HAN,DAD,3
P000726,Pham Van A,p726@example.com,HAN,SGN,1
P000727,Ngo Thi F,p727@example.com,DAD,PQC,5
P000728,Dao Van C,p728@example.com,DAD,PQC,4
P000729,Pham Van C,p729@example.com,SGN,DAD,5
P000730,Ly Van E,p730@example.com,DAD,PQC,1
P000731,Ly Van I,p731@example.com,HAN,CXR,2
P000732,Ngo Van I,p732@example.com,HAN,SGN,3
P000733,Vu Van C,p733@example.com,HAN,SGN,2
P000734,Pham Thi K,p734@example.com,DAD,PQC,2
P000735,Ngo Thi H,p735@example.com,HAN,CXR,5
P000736,Tran Van I,p736@example.com,SGN,PQC,3
P000737,Tran Van G,p737@example.com,SGN,DAD,1
P000738,Hoang Thi K,p738@example.com,HAN,SGN,2
P000739,Nguyen Van E,p739@example.com,HAN,DAD,3
P000740,Vu Van E,p740@example.com,HAN,CXR,5
P000741,Ly Van A,p741@example.com,HAN,SGN,3
P000742,Tran Thi K,p742@example.com,SGN,PQC,2
P000743,Bui Thi F,p743@example.com,HAN,DAD,2
P000744,Nguyen Thi F,p744@example.com,SGN,DAD,1
P000745,Pham Thi B,p745@example.com,SGN,DAD,5
P000746,Le Thi K,p746@example.com,HAN,SGN,1
P000747,Dao Thi F,p747@example.com,HAN,SGN,2
P000748,Ngo Van E,p748@example.com,HAN,DAD,4
P000749,Dao Van I,p749@example.com,DAD,PQC,5
P000750,Hoang Thi K,p750@example.com,SGN,PQC,4
P000751,Bui Van G,p751@example.com,DAD,PQC,1
P000752,Dao Van E,p752@example.com,SGN,DAD,5
P000753,Tran Van E,p753@example.com,DAD,PQC,2
P000754,Bui Thi B,p754@example.com,SGN,PQC,4
P000755,Bui Van I,p755@example.com,DAD,PQC,3
P000756,Vu Thi B,p756@example.com,HAN,SGN,5
P000757,Dao Van E,p757@example.com,SGN,DAD,3
P000758,Vu Thi H,p758@example.com,SGN,DAD,4
P000759,Le Van A,p759@example.com,SGN,DAD,1
P000760,Hoang Thi H,p760@example.com,SGN,DAD,2
P000761,Tran Thi K,p761@example.com,DAD,PQC,4
P000762,Vu Van I,p762@example.com,HAN,SGN,5
P000763,Nguyen Thi F,p763@example.com,SGN,DAD,5
P000764,Bui Thi D,p764@example.com,SGN,PQC,5
P000765,Nguyen Thi H,p765@example.com,SGN,PQC,2
P000766,Ly Thi B,p766@example.com,HAN,SGN,5
P000767,Pham Thi B,p767@example.com,HAN,SGN,4
P000768,Vu Van A,p768@example.com,HAN,CXR,1
P000769,Ly Thi D,p769@example.com,HAN,SGN,2
P000770,Vu Thi F,p770@example.com,HAN,DAD,3
P000771,Tran Van C,p771@example.com,HAN,DAD,2
P000772,Vu Thi D,p772@example.com,SGN,PQC,4
P000773,Tran Thi D,p773@example.com,SGN,PQC,2
P000774,Dao Van C,p774@example.com,SGN,PQC,5
P000775,Vu Thi D,p775@example.com,SGN,PQC,5
P000776,Le Van E,p776@example.com,SGN,PQC,1
P000777,Dao Van G,p777@example.com,HAN,DAD,2
P000778,Ly Van I,p778@example.com,DAD,PQC,2
P000779,Dao Thi D,p779@example.com,SGN,PQC,4
P000780,Hoang Thi F,p780@example.com,SGN,DAD,3
P000781,Hoang Thi F,p781@example.com,HAN,DAD,4
P000782,Le Thi F,p782@example.com,HAN,DAD,4
P000783,Bui Thi K,p783@example.com,SGN,DAD,5
P000784,Vu Van G,p784@example.com,SGN,DAD,5
P000785,Bui Thi B,p785@example.com,DAD,PQC,1
P000786,Pham Van I,p786@example.com,HAN,DAD,3
P000787,Hoang Van G,p787@example.com,HAN,DAD,5
P000788,Pham Van I,p788@example.com,HAN,DAD,3
P000789,Le Thi B,p789@example.com,SGN,PQC,5
P000790,Hoang Thi H,p790@example.com,SGN,DAD,5
P000791,Bui Van A,p791@example.com,HAN,SGN,2
P000792,Pham Thi F,p792@example.com,HAN,DAD,1
P000793,Ly Van C,p793@example.com,HAN,SGN,4
P000794,Pham Thi B,p794@example.com,DAD,PQC,1
P000795,Vu Van I,p795@example.com,HAN,SGN,5
P000796,Nguyen Van C,p796@example.com,DAD,PQC,2
P000797,Nguyen Van I,p797@example.com,SGN,PQC,4
P000798,Bui Thi F,p798@example.com,HAN,CXR,5
P000799,Dao Van E,p799@example.com,HAN,DAD,2
P000800,Ngo Van A,p800@example.com,HAN,DAD,1
P000801,Ngo Van I,p801@example.com,HAN,SGN,3
P000802,Pham Van A,p802@example.com,DAD,PQC,1
P000803,Tran Thi B,p803@example.com,HAN,SGN,2
P000804,Nguyen Van G,p804@example.com,HAN,CXR,5
P000805,Bui Thi F,p805@example.com,SGN,PQC,1
P000806,Dao Van A,p806@example.com,HAN,CXR,1
P000807,Dao Van E,p807@example.com,HAN,DAD,2
P000808,Tran Van A,p808@example.com,HAN,CXR,2
P000809,Le Van A,p809@example.com,SGN,DAD,2
P000810,Dao Thi D,p810@example.com,HAN,CXR,1
P000811,Dao Van I,p811@example.com,HAN,CXR,1
P000812,Vu Van G,p812@example.com,HAN,CXR,1
P000813,Ly Van E,p813@example.com,SGN,DAD,1
P000814,Hoang Thi H,p814@example.com,HAN,CXR,4
P000815,Le Van I,p815@example.com,SGN,PQC,3
P000816,Pham Van I,p816@example.com,DAD,PQC,5
P000817,Pham Van G,p817@example.com,HAN,CXR,3
P000818,Dao Thi B,p818@example.com,DAD,PQC,4
P000819,Hoang Thi B,p819@example.com,DAD,PQC,1
P000820,Le Thi H,p820@example.com,SGN,DAD,2
P000821,Ngo Thi B,p821@example.com,SGN,PQC,3
P000822,Tran Thi B,p822@example.com,HAN,DAD,4
P000823,Hoang Van C,p823@example.com,HAN,SGN,1
P000824,Dao Van A,p824@example.com,HAN,DAD,5
P000825,Le Van G,p825@example.com,HAN,DAD,2
P000826,Pham Thi K,p826@example.com,DAD,PQC,2
P000827,Dao Thi K,p827@example.com,HAN,CXR,4
P000828,Nguyen Thi H,p828@example.com,SGN,PQC,4
P000829,Bui Van I,p829@example.com,HAN,CXR,1
P000830,Vu Thi F,p830@example.com,SGN,DAD,3
P000831,Le Van A,p831@example.com,SGN,DAD,5
P000832,Ly Van G,p832@example.com,SGN,DAD,5
P000833,Ngo Van A,p833@example.com,DAD,PQC,4
P000834,Dao Van I,p834@example.com,HAN,SGN,2
P000835,Pham Van A,p835@example.com,SGN,DAD,5
P000836,Pham Thi F,p836@example.com,DAD,PQC,2
P000837,Dao Thi D,p837@example.com,HAN,DAD,4
P000838,Tran Thi D,p838@example.com,HAN,DAD,3
P000839,Pham Thi K,p839@example.com,SGN,PQC,5
P000840,Bui Thi H,p840@example.com,HAN,SGN,3
P000841,Le Van I,p841@example.com,HAN,CXR,4
P000842,Hoang Thi K,p842@example.com,HAN,CXR,4
P000843,Vu Van G,p843@example.com,HAN,CXR,5
P000844,Ly Van G,p844@example.com,HAN,DAD,1
P000845,Dao Van G,p845@example.com,SGN,PQC,4
P000846,Pham Van G,p846@example.com,SGN,PQC,3
P000847,Tran Thi F,p847@example.com,HAN,DAD,3
P000848,Pham Van I,p848@example.com,HAN,CXR,1
P000849,Dao Van E,p849@example.com,DAD,PQC,3
P000850,Tran Thi B,p850@example.com,HAN,CXR,1
P000851,Dao Thi K,p851@example.com,SGN,PQC,3
P000852,Ngo Thi D,p852@example.com,HAN,CXR,5
P000853,Bui Thi H,p853@example.com,SGN,DAD,4
P000854,Bui Van G,p854@example.com,SGN,PQC,5
P000855,Le Thi F,p855@example.com,HAN,DAD,1
P000856,Bui Van C,p856@example.com,HAN,DAD,5
P000857,Ngo Van C,p857@example.com,DAD,PQC,2
P000858,Le Thi H,p858@example.com,DAD,PQC,1
P000859,Nguyen Thi B,p859@example.com,HAN,SGN,2
P000860,Dao Thi H,p860@example.com,HAN,SGN,1
P000861,Ly Thi F,p861@example.com,HAN,SGN,2
P000862,Ly Van C,p862@example.com,DAD,PQC,4
P000863,Dao Thi K,p863@example.com,HAN,SGN,3
P000864,Le Thi F,p864@example.com,SGN,PQC,4
P000865,Le Thi B,p865@example.com,HAN,CXR,4
P000866,Le Van G,p866@example.com,DAD,PQC,4
P000867,Tran Van I,p867@example.com,HAN,CXR,2
P000868,Dao Thi F,p868@example.com,HAN,DAD,2
P000869,Pham Thi K,p869@example.com,HAN,CXR,1
P000870,Hoang Van G,p870@example.com,SGN,PQC,3
P000871,Le Thi K,p871@example.com,HAN,SGN,2
P000872,Tran Van G,p872@example.com,DAD,PQC,1
P000873,Nguyen Van G,p873@example.com,HAN,SGN,3
P000874,Le Thi H,p874@example.com,SGN,DAD,3
P000875,Le Van E,p875@example.com,SGN,PQC,2
P000876,Ly Van A,p876@example.com,SGN,DAD,4
P000877,Bui Thi F,p877@example.com,HAN,DAD,4
P000878,Vu Thi H,p878@example.com,SGN,DAD,5
P000879,Nguyen Thi B,p879@example.com,HAN,DAD,3
P000880,Ngo Van E,p880@example.com,SGN,PQC,1
P000881,Ly Thi D,p881@example.com,HAN,SGN,2
P000882,Nguyen Thi D,p882@example.com,SGN,DAD,3
P000883,Le Thi H,p883@example.com,HAN,CXR,5
P000884,Le Thi F,p884@example.com,HAN,CXR,3
P000885,Ly Van A,p885@example.com,HAN,DAD,1
P000886,Tran Van C,p886@example.com,DAD,PQC,4
P000887,Ngo Van C,p887@example.com,SGN,DAD,2
P000888,Ngo Van G,p888@example.com,SGN,DAD,1
P000889,Tran Thi D,p889@example.com,SGN,DAD,5
P000890,Dao Thi H,p890@example.com,SGN,PQC,5
P000891,Le Thi B,p891@example.com,SGN,PQC,2
P000892,Ly Thi D,p892@example.com,SGN,PQC,2
P000893,Pham Thi B,p893@example.com,HAN,SGN,5
P000894,Ngo Van C,p894@example.com,HAN,CXR,2
P000895,Pham Van I,p895@example.com,HAN,CXR,4
P000896,Le Thi D,p896@example.com,DAD,PQC,5
P000897,Dao Van G,p897@example.com,DAD,PQC,4
P000898,Ngo Van I,p898@example.com,SGN,PQC,3
P000899,Dao Thi K,p899@example.com,HAN,CXR,5
P000900,Bui Van E,p900@example.com,HAN,SGN,5
P000901,Vu Van G,p901@example.com,SGN,PQC,3
P000902,Tran Thi B,p902@example.com,HAN,DAD,3
P000903,Vu Van G,p903@example.com,SGN,PQC,2
P000904,Le Van I,p904@example.com,SGN,DAD,1
P000905,Bui Thi H,p905@example.com,HAN,DAD,4
P000906,Tran Thi H,p906@example.com,DAD,PQC,3
P000907,Hoang Van I,p907@example.com,HAN,SGN,5
P000908,Pham Thi B,p908@example.com,DAD,PQC,3
P000909,Nguyen Van I,p909@example.com,HAN,CXR,5
P000910,Vu Thi D,p910@example.com,HAN,DAD,3
P000911,Le Van C,p911@example.com,HAN,DAD,3
P000912,Vu Thi D,p912@example.com,HAN,SGN,2
P000913,Hoang Van C,p913@example.com,HAN,CXR,3
P000914,Tran Van A,p914@example.com,DAD,PQC,4
P000915,Le Van C,p915@example.com,SGN,DAD,2
P000916,Dao Van E,p916@example.com,DAD,PQC,1
P000917,Tran Thi F,p917@example.com,SGN,DAD,1
P000918,Nguyen Thi D,p918@example.com,DAD,PQC,5
P000919,Pham Van E,p919@example.com,HAN,CXR,5
P000920,Hoang Van E,p920@example.com,HAN,DAD,1
P000921,Le Van I,p921@example.com,DAD,PQC,1
P000922,Dao Van A,p922@example.com,SGN,DAD,4
P000923,Pham Van C,p923@example.com,SGN,DAD,1
P000924,Hoang Van E,p924@example.com,HAN,DAD,5
P000925,Ngo Thi D,p925@example.com,HAN,CXR,4
P000926,Vu Van G,p926@example.com,DAD,PQC,2
P000927,Dao Thi D,p927@example.com,SGN,PQC,3
P000928,Hoang Van C,p928@example.com,SGN,PQC,1
P000929,Vu Thi K,p929@example.com,HAN,SGN,1
P000930,Pham Thi K,p930@example.com,SGN,PQC,2
P000931,Ngo Thi B,p931@example.com,SGN,DAD,4
P000932,Bui Thi D,p932@example.com,HAN,DAD,5
P000933,Vu Van G,p933@example.com,DAD,PQC,4
P000934,Tran Thi H,p934@example.com,HAN,CXR,3
P000935,Ly Thi H,p935@example.com,HAN,DAD,3
P000936,Vu Van A,p936@example.com,HAN,DAD,3
P000937,Bui Thi K,p937@example.com,HAN,SGN,3
P000938,Ly Van E,p938@example.com,HAN,SGN,2
P000939,Hoang Thi K,p939@example.com,DAD,PQC,4
P000940,Pham Van G,p940@example.com,SGN,DAD,3
P000941,Le Thi B,p941@example.com,SGN,DAD,5
P000942,Nguyen Thi H,p942@example.com,DAD,PQC,1
P000943,Bui Thi F,p943@example.com,HAN,SGN,4
P000944,Bui Van A,p944@example.com,SGN,DAD,4
P000945,Bui Van C,p945@example.com,HAN,SGN,5
P000946,Pham Thi D,p946@example.com,SGN,DAD,5
P000947,Pham Thi F,p947@example.com,DAD,PQC,3
P000948,Ly Van C,p948@example.com,HAN,SGN,1
P000949,Tran Van E,p949@example.com,SGN,DAD,4
P000950,Bui Van I,p950@example.com,HAN,CXR,5
P000951,Nguyen Thi F,p951@example.com,HAN,SGN,3
P000952,Hoang Van A,p952@example.com,SGN,PQC,1
P000953,Ly Van A,p953@example.com,SGN,DAD,3
P000954,Nguyen Thi H,p954@example.com,HAN,SGN,5
P000955,Ly Thi F,p955@example.com,SGN,DAD,5
P000956,Vu Van C,p956@example.com,HAN,DAD,1
P000957,Pham Van G,p957@example.com,HAN,SGN,4
P000958,Vu Van A,p958@example.com,SGN,PQC,4
P000959,Nguyen Van I,p959@example.com,DAD,PQC,1
P000960,Pham Thi F,p960@example.com,HAN,CXR,2
P000961,Vu Thi D,p961@example.com,SGN,DAD,3
P000962,Nguyen Thi H,p962@example.com,HAN,SGN,3
P000963,Le Thi D,p963@example.com,HAN,DAD,2
P000964,Vu Van G,p964@example.com,HAN,SGN,4
P000965,Nguyen Thi K,p965@example.com,DAD,PQC,1
P000966,Ly Van G,p966@example.com,DAD,PQC,4
P000967,Vu Van A,p967@example.com,HAN,CXR,3
P000968,Dao Van C,p968@example.com,SGN,PQC,4
P000969,Tran Thi B,p969@example.com,HAN,SGN,1
P000970,Hoang Van E,p970@example.com,HAN,SGN,1
P000971,Bui Thi D,p971@example.com,HAN,DAD,1
P000972,Nguyen Van G,p972@example.com,HAN,SGN,2
P000973,Dao Van C,p973@example.com,SGN,DAD,3
P000974,Vu Van I,p974@example.com,DAD,PQC,1
P000975,Hoang Thi F,p975@example.com,HAN,SGN,4
P000976,Vu Van E,p976@example.com,SGN,PQC,5
P000977,Tran Van G,p977@example.com,SGN,PQC,4
P000978,Vu Thi F,p978@example.com,DAD,PQC,3
P000979,Nguyen Thi B,p979@example.com,HAN,SGN,1
P000980,Tran Thi B,p980@example.com,SGN,PQC,5
P000981,Hoang Thi D,p981@example.com,DAD,PQC,5
P000982,Pham Thi B,p982@example.com,HAN,DAD,5
P000983,Ngo Thi D,p983@example.com,HAN,DAD,5
P000984,Vu Thi H,p984@example.com,DAD,PQC,4
P000985,Nguyen Van E,p985@example.com,SGN,DAD,5
P000986,Pham Thi K,p986@example.com,SGN,DAD,2
P000987,Ly Thi K,p987@example.com,SGN,DAD,4
P000988,Ngo Van G,p988@example.com,HAN,SGN,5
P000989,Le Thi K,p989@example.com,HAN,DAD,1
P000990,Bui Thi B,p990@example.com,HAN,CXR,3
P000991,Dao Van C,p991@example.com,SGN,DAD,5
P000992,Vu Van A,p992@example.com,HAN,CXR,3
P000993,Bui Thi B,p993@example.com,SGN,PQC,2
P000994,Pham Thi D,p994@example.com,HAN,DAD,4
P000995,Pham Thi F,p995@example.com,DAD,PQC,4
P000996,Le Van G,p996@example.com,HAN,SGN,4
P000997,Bui Van E,p997@example.com,SGN,PQC,5
P000998,Ngo Thi K,p998@example.com,DAD,PQC,1
P000999,Ngo Van I,p999@example.com,SGN,PQC,2
P001000,Le Van I,p1000@example.com,HAN,SGN,5
